request_id,source_system,department,section_id,corridor_slot,chainage_start,chainage_end,requested_window_start,requested_window_end,required_duration_minutes,work_type,asset_id,asset_type,asset_age_years,last_maintenance_days_ago,past_breakdown_count,gross_million_tonnes,condition_score,urgency_category,requires_power_block,requires_traffic_block,status
REQ-20260915-TRD-0001,TDMS,TRD,SEC-ALJN-TDL,SLOT_NIGHT,182.92,184.54,2026-09-15T00:30:00,2026-09-15T04:00:00,139,Cantilever Assembly & Dropper Adjustment,TRD-OHE-ALJN-TDL-0072,Cantilever Mast Assembly,1.5,107,0,14.0,7.6,MEDIUM,True,True,PENDING
REQ-20260915-ENG-0001,TMS,ENG,SEC-TDL-CNB,SLOT_NIGHT,239.06,239.47,2026-09-15T00:30:00,2026-09-15T04:15:00,146,Turnout & Switch Crossing Renewal,ENG-TRK-TDL-CNB-0021,Turnout Assembly,1.1,24,0,40.9,8.8,LOW,True,True,PENDING
REQ-20260915-ST-0001,SMMS,S&T,SEC-TKJ-GZB,SLOT_NIGHT,18.17,18.37,2026-09-15T00:30:00,2026-09-15T04:30:00,69,Level Crossing Interlocking Gate Inspection,SNT-SIG-TKJ-GZB-0019,Interlocked LC Gate Mechanism,14.8,162,2,83.1,3.6,HIGH,False,True,PENDING
REQ-20260915-TRD-0002,TDMS,TRD,SEC-TDL-CNB,SLOT_NIGHT,238.66,238.98,2026-09-15T00:45:00,2026-09-15T04:15:00,147,Neutral Section & Phase Break Maintenance,TRD-OHE-TDL-CNB-0015,PTFE Neutral Section,7.7,30,0,40.7,9.5,LOW,True,True,PENDING
REQ-20260915-ST-0002,SMMS,S&T,SEC-TDL-CNB,SLOT_NIGHT,398.61,400.11,2026-09-15T00:45:00,2026-09-15T04:00:00,66,Signaling Cable Meggering & Trench Maintenance,SNT-SIG-TDL-CNB-0034,Underground Signaling Cable,5.9,65,0,33.0,9.0,LOW,False,False,PENDING
REQ-20260915-ENG-0002,TMS,ENG,SEC-TKJ-GZB,SLOT_NIGHT,18.11,19.48,2026-09-15T00:45:00,2026-09-15T04:15:00,136,Ballast Regulating & Track Dressing,ENG-TRK-TKJ-GZB-0032,Ballast Track,11.8,165,2,51.8,4.9,HIGH,False,True,PENDING
REQ-20260915-ST-0003,SMMS,S&T,SEC-GZB-MB,SLOT_NIGHT,148.01,148.61,2026-09-15T01:00:00,2026-09-15T04:15:00,138,Electronic Interlocking (EI) Diagnostic & Fail-Safe Test,SNT-SIG-GZB-MB-0063,Solid State Interlocking Unit,7.9,212,2,74.3,4.4,HIGH,False,True,PENDING
REQ-20260915-ENG-0003,TMS,ENG,SEC-ALJN-TDL,SLOT_EARLY_MORN,166.65,169.26,2026-09-15T04:30:00,2026-09-15T07:45:00,154,Track Tamping (BCM/CSM Machine),ENG-TRK-ALJN-TDL-0019,Ballast & Sleeper Bed,9.8,125,3,78.9,5.5,HIGH,False,True,PENDING
REQ-20260915-TRD-0003,TDMS,TRD,SEC-GZB-MB,SLOT_EARLY_MORN,64.57,68.73,2026-09-15T04:30:00,2026-09-15T07:30:00,112,Tower Wagon Foot Patrolling & Current Collection Test,TRD-OHE-GZB-MB-0058,Overhead Traction Line,20.6,326,5,84.1,2.0,CRITICAL,True,True,PENDING
REQ-20260915-TRD-0004,TDMS,TRD,SEC-TKJ-GZB,SLOT_EARLY_MORN,5.63,8.65,2026-09-15T04:30:00,2026-09-15T07:30:00,133,OHE Annual Overhaul & Contact Wire Inspection,TRD-OHE-TKJ-GZB-0027,OHE Contact & Catenary Wire,14.5,183,3,69.5,5.4,HIGH,True,True,PENDING
REQ-20260915-TRD-0005,TDMS,TRD,SEC-ALJN-TDL,SLOT_EARLY_MORN,140.19,141.72,2026-09-15T04:45:00,2026-09-15T07:30:00,67,OHE Insulator Washing & High-Voltage Testing,TRD-OHE-ALJN-TDL-0045,Post & Tension Insulators,14.4,212,3,73.3,4.8,HIGH,True,True,PENDING
REQ-20260915-ST-0004,SMMS,S&T,SEC-ALJN-TDL,SLOT_EARLY_MORN,166.37,167.4,2026-09-15T04:45:00,2026-09-15T07:45:00,99,Signaling Cable Meggering & Trench Maintenance,SNT-SIG-ALJN-TDL-0014,Underground Signaling Cable,3.3,32,0,30.6,9.5,LOW,False,False,PENDING
REQ-20260915-TRD-0006,COA,TRD,SEC-ALJN-TDL,SLOT_EARLY_MORN,166.65,169.93,2026-09-15T04:45:00,2026-09-15T08:00:00,137,Tower Wagon Foot Patrolling & Current Collection Test,TRD-OHE-ALJN-TDL-0013,Overhead Traction Line,5.4,22,0,43.9,6.6,LOW,True,True,PENDING
REQ-20260915-ST-0005,SMMS,S&T,SEC-ALJN-TDL,SLOT_EARLY_MORN,189.57,189.8,2026-09-15T04:45:00,2026-09-15T08:00:00,67,Point Machine Overhaul & Lubrication,SNT-SIG-ALJN-TDL-0050,Electric Point Machine,1.1,15,0,44.0,7.1,LOW,False,True,PENDING
REQ-20260915-TRD-0007,TDMS,TRD,SEC-GZB-MB,SLOT_EARLY_MORN,53.49,53.7,2026-09-15T04:45:00,2026-09-15T08:00:00,131,Neutral Section & Phase Break Maintenance,TRD-OHE-GZB-MB-0018,PTFE Neutral Section,0.9,79,0,14.3,8.5,LOW,True,True,PENDING
REQ-20260915-ENG-0004,TMS,ENG,SEC-GZB-MB,SLOT_EARLY_MORN,53.76,55.27,2026-09-15T04:45:00,2026-09-15T07:45:00,158,Through Rail Renewal (TRR),ENG-TRK-GZB-MB-0024,Continuous Welded Rail,7.4,99,0,12.3,8.2,MEDIUM,False,True,PENDING
REQ-20260915-TRD-0008,TDMS,TRD,SEC-NDLS-TKJ,SLOT_EARLY_MORN,2.74,3.24,2026-09-15T04:45:00,2026-09-15T08:00:00,131,Neutral Section & Phase Break Maintenance,TRD-OHE-NDLS-TKJ-0033,PTFE Neutral Section,2.8,51,1,42.9,8.7,MEDIUM,True,True,PENDING
REQ-20260915-ENG-0005,COA,ENG,SEC-CNB-PRYJ,SLOT_EARLY_MORN,493.43,493.96,2026-09-15T05:00:00,2026-09-15T07:45:00,115,Ultrasonic Flaw Detection (USFD) & Joint Rectification,ENG-TRK-CNB-PRYJ-0026,Rail Joint / Fishplate,7.4,28,0,31.9,7.1,LOW,False,True,PENDING
REQ-20260915-TRD-0009,TDMS,TRD,SEC-CNB-PRYJ,SLOT_EARLY_MORN,493.73,494.84,2026-09-15T05:00:00,2026-09-15T08:00:00,96,Cantilever Assembly & Dropper Adjustment,TRD-OHE-CNB-PRYJ-0020,Cantilever Mast Assembly,2.6,60,0,27.1,7.6,LOW,True,True,PENDING
REQ-20260915-TRD-0010,TDMS,TRD,SEC-GZB-MB,SLOT_EARLY_MORN,102.53,104.31,2026-09-15T05:00:00,2026-09-15T07:45:00,136,OHE Catenary Wire Splicing & Tensioning,TRD-OHE-GZB-MB-0070,Tension Spring / Regulating Equipment,12.1,209,1,53.5,5.8,MEDIUM,True,True,PENDING
REQ-20260915-ST-0006,SMMS,S&T,SEC-TKJ-GZB,SLOT_EARLY_MORN,5.28,5.47,2026-09-15T05:00:00,2026-09-15T07:45:00,64,Signal Aspect LED Lamp & Mechanism Replacement,SNT-SIG-TKJ-GZB-0020,Color Light Signal Post,25.9,228,3,99.3,2.1,CRITICAL,False,False,PENDING
REQ-20260915-ENG-0006,TMS,ENG,SEC-TKJ-GZB,SLOT_EARLY_MORN,5.52,5.7,2026-09-15T05:00:00,2026-09-15T08:00:00,109,Switch Expansion Joint (SEJ) Maintenance,ENG-TRK-TKJ-GZB-0035,SEJ Assembly,12.7,209,1,43.7,5.8,MEDIUM,False,True,PENDING
REQ-20260915-ENG-0007,TMS,ENG,SEC-NDLS-TKJ,SLOT_MIDDAY,0.41,3.5,2026-09-15T11:30:00,2026-09-15T14:45:00,165,Track Tamping (BCM/CSM Machine),ENG-TRK-NDLS-TKJ-0004,Ballast & Sleeper Bed,3.2,27,0,46.9,7.1,LOW,False,True,PENDING
REQ-20260915-ENG-0008,COA,ENG,SEC-ALJN-TDL,SLOT_MIDDAY,192.02,195.41,2026-09-15T11:45:00,2026-09-15T15:00:00,180,Track Tamping (BCM/CSM Machine),ENG-TRK-ALJN-TDL-0071,Ballast & Sleeper Bed,5.8,87,0,13.8,6.6,LOW,False,True,PENDING
REQ-20260915-ST-0007,SMMS,S&T,SEC-GZB-MB,SLOT_MIDDAY,67.91,68.79,2026-09-15T11:45:00,2026-09-15T15:00:00,91,Signaling Cable Meggering & Trench Maintenance,SNT-SIG-GZB-MB-0017,Underground Signaling Cable,7.3,87,0,18.8,9.3,LOW,False,False,PENDING
REQ-20260915-ENG-0009,TMS,ENG,SEC-GZB-MB,SLOT_MIDDAY,67.96,70.21,2026-09-15T11:45:00,2026-09-15T15:00:00,180,Deep Ballast Screening,ENG-TRK-GZB-MB-0029,Ballast Cushion,16.5,256,6,130.7,1.9,CRITICAL,True,True,PENDING
REQ-20260915-ST-0008,SMMS,S&T,SEC-NDLS-TKJ,SLOT_MIDDAY,0.0,0.18,2026-09-15T11:45:00,2026-09-15T15:00:00,72,Level Crossing Interlocking Gate Inspection,SNT-SIG-NDLS-TKJ-0002,Interlocked LC Gate Mechanism,6.9,101,0,24.6,8.9,MEDIUM,False,True,PENDING
REQ-20260915-ENG-0010,TMS,ENG,SEC-NDLS-TKJ,SLOT_MIDDAY,0.54,3.34,2026-09-15T11:45:00,2026-09-15T14:30:00,150,Track Tamping (BCM/CSM Machine),ENG-TRK-NDLS-TKJ-0070,Ballast & Sleeper Bed,25.9,240,5,78.2,2.2,CRITICAL,False,True,PENDING
REQ-20260915-TRD-0011,TDMS,TRD,SEC-PRYJ-DDU,SLOT_MIDDAY,772.99,774.61,2026-09-15T11:45:00,2026-09-15T14:45:00,72,OHE Insulator Washing & High-Voltage Testing,TRD-OHE-PRYJ-DDU-0054,Post & Tension Insulators,3.3,113,0,34.6,9.7,MEDIUM,True,True,PENDING
REQ-20260915-ENG-0011,COA,ENG,SEC-CNB-PRYJ,SLOT_MIDDAY,514.22,515.39,2026-09-15T12:00:00,2026-09-15T14:45:00,145,Ultrasonic Flaw Detection (USFD) & Joint Rectification,ENG-TRK-CNB-PRYJ-0051,Rail Joint / Fishplate,12.7,220,2,62.1,4.5,HIGH,False,True,PENDING
REQ-20260915-ENG-0012,TMS,ENG,SEC-GZB-ALJN,SLOT_MIDDAY,33.9,34.39,2026-09-15T12:00:00,2026-09-15T15:00:00,122,Turnout & Switch Crossing Renewal,ENG-TRK-GZB-ALJN-0057,Turnout Assembly,3.9,102,0,26.4,9.0,MEDIUM,False,True,PENDING
REQ-20260915-ENG-0013,TMS,ENG,SEC-NDLS-TKJ,SLOT_MIDDAY,2.45,2.77,2026-09-15T12:00:00,2026-09-15T14:30:00,133,Turnout & Switch Crossing Renewal,ENG-TRK-NDLS-TKJ-0081,Turnout Assembly,7.7,154,1,57.1,5.6,MEDIUM,False,True,PENDING
REQ-20260915-TRD-0012,TDMS,TRD,SEC-PRYJ-DDU,SLOT_MIDDAY,731.39,731.87,2026-09-15T12:00:00,2026-09-15T14:45:00,134,Neutral Section & Phase Break Maintenance,TRD-OHE-PRYJ-DDU-0077,PTFE Neutral Section,10.2,131,1,82.4,4.8,MEDIUM,True,True,PENDING
REQ-20260915-TRD-0013,TDMS,TRD,SEC-ALJN-TDL,SLOT_AFTERNOON,158.27,159.75,2026-09-15T15:00:00,2026-09-15T18:30:00,163,OHE Catenary Wire Splicing & Tensioning,TRD-OHE-ALJN-TDL-0030,Tension Spring / Regulating Equipment,1.5,26,0,29.1,8.2,LOW,True,True,PENDING
REQ-20260915-ENG-0014,COA,ENG,SEC-ALJN-TDL,SLOT_AFTERNOON,158.47,160.22,2026-09-15T15:00:00,2026-09-15T18:00:00,151,Through Rail Renewal (TRR),ENG-TRK-ALJN-TDL-0038,Continuous Welded Rail,7.2,165,3,44.2,5.2,HIGH,False,True,PENDING
REQ-20260915-ST-0009,SMMS,S&T,SEC-NDLS-TKJ,SLOT_AFTERNOON,1.29,1.94,2026-09-15T15:00:00,2026-09-15T18:30:00,63,Signaling Cable Meggering & Trench Maintenance,SNT-SIG-NDLS-TKJ-0021,Underground Signaling Cable,9.6,169,1,72.6,5.1,MEDIUM,False,False,PENDING
REQ-20260915-ENG-0015,TMS,ENG,SEC-NDLS-TKJ,SLOT_AFTERNOON,1.72,3.5,2026-09-15T15:00:00,2026-09-15T18:15:00,97,Ballast Regulating & Track Dressing,ENG-TRK-NDLS-TKJ-0037,Ballast Track,2.5,81,0,26.5,6.8,LOW,False,True,PENDING
REQ-20260915-TRD-0014,TDMS,TRD,SEC-NDLS-TKJ,SLOT_AFTERNOON,1.74,3.5,2026-09-15T15:15:00,2026-09-15T18:15:00,67,OHE Insulator Washing & High-Voltage Testing,TRD-OHE-NDLS-TKJ-0029,Post & Tension Insulators,11.4,128,1,59.6,4.7,HIGH,True,True,PENDING
REQ-20260915-TRD-0015,TDMS,TRD,SEC-PRYJ-DDU,SLOT_AFTERNOON,710.54,711.57,2026-09-15T15:15:00,2026-09-15T18:15:00,103,OHE Insulator Washing & High-Voltage Testing,TRD-OHE-PRYJ-DDU-0040,Post & Tension Insulators,7.7,152,1,72.4,4.9,MEDIUM,True,True,PENDING
REQ-20260915-TRD-0016,TDMS,TRD,SEC-GZB-MB,SLOT_AFTERNOON,58.41,61.1,2026-09-15T15:30:00,2026-09-15T18:15:00,93,OHE Insulator Washing & High-Voltage Testing,TRD-OHE-GZB-MB-0050,Post & Tension Insulators,4.1,32,0,48.1,7.5,LOW,True,True,PENDING
REQ-20260916-ENG-0016,COA,ENG,SEC-GZB-MB,SLOT_NIGHT,44.83,46.82,2026-09-16T00:30:00,2026-09-16T04:15:00,176,Track Tamping (BCM/CSM Machine),ENG-TRK-GZB-MB-0018,Ballast & Sleeper Bed,6.6,57,0,28.4,9.2,LOW,False,True,PENDING
REQ-20260916-TRD-0017,TDMS,TRD,SEC-GZB-MB,SLOT_NIGHT,45.05,46.06,2026-09-16T00:30:00,2026-09-16T04:15:00,134,OHE Catenary Wire Splicing & Tensioning,TRD-OHE-GZB-MB-0012,Tension Spring / Regulating Equipment,5.1,53,0,48.0,7.0,LOW,True,True,PENDING
REQ-20260916-TRD-0018,TDMS,TRD,SEC-TKJ-GZB,SLOT_NIGHT,6.43,11.17,2026-09-16T00:30:00,2026-09-16T04:30:00,143,Tower Wagon Foot Patrolling & Current Collection Test,TRD-OHE-TKJ-GZB-0073,Overhead Traction Line,15.7,160,2,73.1,5.2,HIGH,True,True,PENDING
REQ-20260916-TRD-0019,COA,TRD,SEC-ALJN-TDL,SLOT_NIGHT,182.05,182.27,2026-09-16T00:45:00,2026-09-16T04:15:00,110,Neutral Section & Phase Break Maintenance,TRD-OHE-ALJN-TDL-0014,PTFE Neutral Section,6.4,56,0,43.0,7.7,LOW,True,True,PENDING
REQ-20260916-ST-0010,SMMS,S&T,SEC-GZB-ALJN,SLOT_NIGHT,49.93,50.08,2026-09-16T00:45:00,2026-09-16T04:15:00,64,Digital Axle Counter (DAC) Sensor Calibration,SNT-SIG-GZB-ALJN-0071,Axle Counter Detection Point,20.8,359,4,115.9,2.5,CRITICAL,False,True,PENDING
REQ-20260916-ST-0011,SMMS,S&T,SEC-GZB-MB,SLOT_NIGHT,45.01,45.45,2026-09-16T00:45:00,2026-09-16T04:15:00,105,Electronic Interlocking (EI) Diagnostic & Fail-Safe Test,SNT-SIG-GZB-MB-0013,Solid State Interlocking Unit,4.1,105,0,42.3,9.2,MEDIUM,False,True,PENDING
REQ-20260916-ENG-0017,TMS,ENG,SEC-GZB-MB,SLOT_NIGHT,147.07,149.26,2026-09-16T00:45:00,2026-09-16T04:15:00,182,Through Rail Renewal (TRR),ENG-TRK-GZB-MB-0063,Continuous Welded Rail,24.2,324,6,83.4,1.9,CRITICAL,False,True,PENDING
REQ-20260916-ENG-0018,TMS,ENG,SEC-TKJ-GZB,SLOT_NIGHT,10.61,10.87,2026-09-16T00:45:00,2026-09-16T04:15:00,147,Turnout & Switch Crossing Renewal,ENG-TRK-TKJ-GZB-0002,Turnout Assembly,10.8,168,1,60.2,5.2,MEDIUM,True,True,PENDING
REQ-20260916-ENG-0019,TMS,ENG,SEC-ALJN-TDL,SLOT_NIGHT,182.43,182.66,2026-09-16T01:00:00,2026-09-16T04:15:00,100,Switch Expansion Joint (SEJ) Maintenance,ENG-TRK-ALJN-TDL-0020,SEJ Assembly,7.4,103,0,13.4,9.7,MEDIUM,False,True,PENDING
REQ-20260916-ST-0012,SMMS,S&T,SEC-CNB-PRYJ,SLOT_NIGHT,534.23,534.35,2026-09-16T01:00:00,2026-09-16T04:30:00,62,Digital Axle Counter (DAC) Sensor Calibration,SNT-SIG-CNB-PRYJ-0006,Axle Counter Detection Point,6.6,91,0,15.2,9.0,MEDIUM,False,True,PENDING
REQ-20260916-TRD-0020,TDMS,TRD,SEC-CNB-PRYJ,SLOT_NIGHT,534.3,536.38,2026-09-16T01:00:00,2026-09-16T04:15:00,122,Cantilever Assembly & Dropper Adjustment,TRD-OHE-CNB-PRYJ-0005,Cantilever Mast Assembly,3.4,97,0,33.4,8.6,MEDIUM,True,True,PENDING
REQ-20260916-ENG-0020,COA,ENG,SEC-CNB-PRYJ,SLOT_NIGHT,534.38,537.01,2026-09-16T01:00:00,2026-09-16T04:30:00,150,Ballast Regulating & Track Dressing,ENG-TRK-CNB-PRYJ-0009,Ballast Track,7.8,57,0,28.4,6.3,LOW,False,True,PENDING
REQ-20260916-TRD-0021,TDMS,TRD,SEC-TKJ-GZB,SLOT_NIGHT,11.07,11.49,2026-09-16T01:00:00,2026-09-16T04:30:00,63,Section Insulator & Isolator Switch Servicing,TRD-OHE-TKJ-GZB-0001,OHE Track Section Isolator,11.6,186,3,66.1,5.1,HIGH,True,True,PENDING
REQ-20260916-ST-0013,SMMS,S&T,SEC-ALJN-TDL,SLOT_EARLY_MORN,161.69,161.83,2026-09-16T05:00:00,2026-09-16T07:30:00,48,Digital Axle Counter (DAC) Sensor Calibration,SNT-SIG-ALJN-TDL-0003,Axle Counter Detection Point,10.5,218,3,66.5,4.9,HIGH,False,True,PENDING
REQ-20260916-TRD-0022,COA,TRD,SEC-ALJN-TDL,SLOT_EARLY_MORN,162.02,163.65,2026-09-16T05:00:00,2026-09-16T08:00:00,123,OHE Annual Overhaul & Contact Wire Inspection,TRD-OHE-ALJN-TDL-0003,OHE Contact & Catenary Wire,7.2,133,2,58.7,6.1,HIGH,True,True,PENDING
REQ-20260916-ENG-0021,TMS,ENG,SEC-ALJN-TDL,SLOT_EARLY_MORN,162.22,162.63,2026-09-16T05:00:00,2026-09-16T07:30:00,135,Turnout & Switch Crossing Renewal,ENG-TRK-ALJN-TDL-0005,Turnout Assembly,25.3,256,5,93.7,2.2,CRITICAL,False,True,PENDING
REQ-20260916-ENG-0022,TMS,ENG,SEC-CNB-PRYJ,SLOT_EARLY_MORN,487.93,489.55,2026-09-16T05:00:00,2026-09-16T07:30:00,135,Through Rail Renewal (TRR),ENG-TRK-CNB-PRYJ-0085,Continuous Welded Rail,11.3,176,3,71.4,4.4,HIGH,False,True,PENDING
REQ-20260916-TRD-0023,TDMS,TRD,SEC-GZB-ALJN,SLOT_EARLY_MORN,98.27,98.52,2026-09-16T05:00:00,2026-09-16T08:00:00,136,Neutral Section & Phase Break Maintenance,TRD-OHE-GZB-ALJN-0055,PTFE Neutral Section,1.6,58,0,37.7,6.9,LOW,True,True,PENDING
REQ-20260916-TRD-0024,COA,TRD,SEC-TKJ-GZB,SLOT_EARLY_MORN,16.14,17.4,2026-09-16T05:00:00,2026-09-16T07:45:00,146,OHE Catenary Wire Splicing & Tensioning,TRD-OHE-TKJ-GZB-0064,Tension Spring / Regulating Equipment,2.6,37,0,24.6,7.8,LOW,True,True,PENDING
REQ-20260916-ENG-0023,TMS,ENG,SEC-TKJ-GZB,SLOT_EARLY_MORN,17.81,19.63,2026-09-16T05:00:00,2026-09-16T07:45:00,150,Through Rail Renewal (TRR),ENG-TRK-TKJ-GZB-0061,Continuous Welded Rail,14.2,200,1,48.4,5.3,MEDIUM,False,True,PENDING
REQ-20260916-ENG-0024,TMS,ENG,SEC-GZB-ALJN,SLOT_MIDDAY,26.15,26.78,2026-09-16T11:30:00,2026-09-16T14:30:00,108,Ultrasonic Flaw Detection (USFD) & Joint Rectification,ENG-TRK-GZB-ALJN-0033,Rail Joint / Fishplate,7.2,72,0,26.8,8.8,LOW,False,True,PENDING
REQ-20260916-TRD-0025,TDMS,TRD,SEC-GZB-ALJN,SLOT_MIDDAY,26.71,28.67,2026-09-16T11:30:00,2026-09-16T15:00:00,126,Cantilever Assembly & Dropper Adjustment,TRD-OHE-GZB-ALJN-0025,Cantilever Mast Assembly,13.8,223,1,66.0,5.7,MEDIUM,True,True,PENDING
REQ-20260916-ST-0014,COA,S&T,SEC-GZB-ALJN,SLOT_MIDDAY,117.35,117.71,2026-09-16T11:45:00,2026-09-16T15:00:00,93,Point Machine Overhaul & Lubrication,SNT-SIG-GZB-ALJN-0027,Electric Point Machine,3.4,40,0,22.0,9.3,LOW,False,True,PENDING
REQ-20260916-ST-0015,SMMS,S&T,SEC-TDL-CNB,SLOT_MIDDAY,336.06,336.3,2026-09-16T11:45:00,2026-09-16T14:45:00,84,Level Crossing Interlocking Gate Inspection,SNT-SIG-TDL-CNB-0048,Interlocked LC Gate Mechanism,5.4,91,0,26.9,6.7,MEDIUM,False,True,PENDING
REQ-20260916-TRD-0026,TDMS,TRD,SEC-TDL-CNB,SLOT_MIDDAY,222.37,224.93,2026-09-16T12:00:00,2026-09-16T15:00:00,93,OHE Insulator Washing & High-Voltage Testing,TRD-OHE-TDL-CNB-0051,Post & Tension Insulators,11.1,142,3,71.8,4.4,HIGH,True,True,PENDING
REQ-20260916-TRD-0027,TDMS,TRD,SEC-ALJN-TDL,SLOT_AFTERNOON,153.91,157.8,2026-09-16T15:00:00,2026-09-16T18:00:00,150,Tower Wagon Foot Patrolling & Current Collection Test,TRD-OHE-ALJN-TDL-0026,Overhead Traction Line,1.4,32,0,21.1,6.7,LOW,True,True,PENDING
REQ-20260916-ENG-0025,TMS,ENG,SEC-ALJN-TDL,SLOT_AFTERNOON,154.56,156.56,2026-09-16T15:00:00,2026-09-16T18:30:00,175,Track Tamping (BCM/CSM Machine),ENG-TRK-ALJN-TDL-0034,Ballast & Sleeper Bed,8.3,169,2,66.8,5.1,HIGH,False,True,PENDING
REQ-20260916-TRD-0028,TDMS,TRD,SEC-NDLS-TKJ,SLOT_AFTERNOON,2.22,2.46,2026-09-16T15:00:00,2026-09-16T18:00:00,150,Neutral Section & Phase Break Maintenance,TRD-OHE-NDLS-TKJ-0069,PTFE Neutral Section,11.4,188,3,81.4,6.0,HIGH,True,True,PENDING
REQ-20260916-ENG-0026,TMS,ENG,SEC-TKJ-GZB,SLOT_AFTERNOON,21.28,23.32,2026-09-16T15:00:00,2026-09-16T18:15:00,139,Ballast Regulating & Track Dressing,ENG-TRK-TKJ-GZB-0066,Ballast Track,8.5,156,1,48.4,5.8,MEDIUM,False,True,PENDING
REQ-20260916-ST-0016,SMMS,S&T,SEC-ALJN-TDL,SLOT_AFTERNOON,164.5,164.63,2026-09-16T15:15:00,2026-09-16T18:00:00,51,Signal Aspect LED Lamp & Mechanism Replacement,SNT-SIG-ALJN-TDL-0036,Color Light Signal Post,7.0,16,0,19.4,7.6,LOW,False,False,PENDING
REQ-20260916-TRD-0029,TDMS,TRD,SEC-CNB-PRYJ,SLOT_AFTERNOON,520.28,521.42,2026-09-16T15:15:00,2026-09-16T18:15:00,97,OHE Insulator Washing & High-Voltage Testing,TRD-OHE-CNB-PRYJ-0052,Post & Tension Insulators,5.5,67,0,27.8,9.2,LOW,True,True,PENDING
REQ-20260916-ENG-0027,TMS,ENG,SEC-GZB-MB,SLOT_AFTERNOON,33.06,33.4,2026-09-16T15:15:00,2026-09-16T18:00:00,145,Turnout & Switch Crossing Renewal,ENG-TRK-GZB-MB-0080,Turnout Assembly,7.7,123,1,53.1,4.3,HIGH,True,True,PENDING
REQ-20260916-ST-0017,COA,S&T,SEC-GZB-ALJN,SLOT_AFTERNOON,48.86,48.98,2026-09-16T15:30:00,2026-09-16T18:30:00,74,Signal Aspect LED Lamp & Mechanism Replacement,SNT-SIG-GZB-ALJN-0077,Color Light Signal Post,11.1,215,2,64.7,3.9,HIGH,False,False,PENDING
REQ-20260916-ST-0018,COA,S&T,SEC-PRYJ-DDU,SLOT_AFTERNOON,716.79,717.06,2026-09-16T15:30:00,2026-09-16T18:15:00,61,Point Machine Overhaul & Lubrication,SNT-SIG-PRYJ-DDU-0030,Electric Point Machine,23.3,313,3,120.6,2.2,CRITICAL,False,True,PENDING
REQ-20260917-TRD-0030,TDMS,TRD,SEC-TDL-CNB,SLOT_NIGHT,222.29,222.63,2026-09-17T00:30:00,2026-09-17T04:00:00,106,Section Insulator & Isolator Switch Servicing,TRD-OHE-TDL-CNB-0039,OHE Track Section Isolator,10.8,214,3,73.8,4.4,HIGH,True,True,PENDING
REQ-20260917-ENG-0028,TMS,ENG,SEC-CNB-PRYJ,SLOT_NIGHT,438.75,438.97,2026-09-17T00:45:00,2026-09-17T04:15:00,108,Switch Expansion Joint (SEJ) Maintenance,ENG-TRK-CNB-PRYJ-0022,SEJ Assembly,4.0,59,0,15.3,9.3,LOW,False,True,PENDING
REQ-20260917-TRD-0031,TDMS,TRD,SEC-CNB-PRYJ,SLOT_NIGHT,438.76,440.17,2026-09-17T00:45:00,2026-09-17T04:15:00,132,Cantilever Assembly & Dropper Adjustment,TRD-OHE-CNB-PRYJ-0016,Cantilever Mast Assembly,23.7,273,5,126.7,2.6,CRITICAL,True,True,PENDING
REQ-20260917-ST-0019,SMMS,S&T,SEC-GZB-ALJN,SLOT_NIGHT,71.8,72.0,2026-09-17T00:45:00,2026-09-17T04:00:00,90,Point Machine Overhaul & Lubrication,SNT-SIG-GZB-ALJN-0067,Electric Point Machine,12.5,220,1,76.6,5.7,MEDIUM,False,True,PENDING
REQ-20260917-ENG-0029,TMS,ENG,SEC-GZB-MB,SLOT_NIGHT,135.59,136.68,2026-09-17T00:45:00,2026-09-17T04:15:00,113,Ballast Regulating & Track Dressing,ENG-TRK-GZB-MB-0042,Ballast Track,4.6,91,0,24.3,8.8,MEDIUM,False,True,PENDING
REQ-20260917-TRD-0032,TDMS,TRD,SEC-NDLS-TKJ,SLOT_NIGHT,1.12,2.61,2026-09-17T00:45:00,2026-09-17T04:15:00,136,OHE Catenary Wire Splicing & Tensioning,TRD-OHE-NDLS-TKJ-0053,Tension Spring / Regulating Equipment,9.4,229,3,84.3,5.4,HIGH,True,True,PENDING
REQ-20260917-ST-0020,SMMS,S&T,SEC-ALJN-TDL,SLOT_NIGHT,177.69,178.17,2026-09-17T01:00:00,2026-09-17T04:15:00,98,Electronic Interlocking (EI) Diagnostic & Fail-Safe Test,SNT-SIG-ALJN-TDL-0059,Solid State Interlocking Unit,25.6,325,3,134.5,3.2,CRITICAL,False,True,PENDING
REQ-20260917-ST-0021,SMMS,S&T,SEC-CNB-PRYJ,SLOT_NIGHT,438.97,439.15,2026-09-17T01:00:00,2026-09-17T04:00:00,88,Level Crossing Interlocking Gate Inspection,SNT-SIG-CNB-PRYJ-0015,Interlocked LC Gate Mechanism,24.4,283,4,117.7,3.1,CRITICAL,False,True,PENDING
REQ-20260917-ENG-0030,TMS,ENG,SEC-GZB-ALJN,SLOT_NIGHT,80.86,83.38,2026-09-17T01:00:00,2026-09-17T04:00:00,151,Track Tamping (BCM/CSM Machine),ENG-TRK-GZB-ALJN-0058,Ballast & Sleeper Bed,5.7,77,1,36.0,8.5,MEDIUM,False,True,PENDING
REQ-20260917-ST-0022,SMMS,S&T,SEC-GZB-MB,SLOT_NIGHT,55.97,56.16,2026-09-17T01:00:00,2026-09-17T04:30:00,83,Level Crossing Interlocking Gate Inspection,SNT-SIG-GZB-MB-0033,Interlocked LC Gate Mechanism,7.7,221,1,58.1,5.5,MEDIUM,False,True,PENDING
REQ-20260917-TRD-0033,COA,TRD,SEC-NDLS-TKJ,SLOT_NIGHT,0.54,0.97,2026-09-17T01:00:00,2026-09-17T04:00:00,88,Section Insulator & Isolator Switch Servicing,TRD-OHE-NDLS-TKJ-0031,OHE Track Section Isolator,7.1,73,0,24.4,6.3,LOW,True,True,PENDING
REQ-20260917-TRD-0034,COA,TRD,SEC-ALJN-TDL,SLOT_EARLY_MORN,162.19,164.31,2026-09-17T04:30:00,2026-09-17T07:30:00,165,OHE Catenary Wire Splicing & Tensioning,TRD-OHE-ALJN-TDL-0036,Tension Spring / Regulating Equipment,6.1,108,0,36.1,8.7,MEDIUM,True,True,PENDING
REQ-20260917-TRD-0035,TDMS,TRD,SEC-CNB-PRYJ,SLOT_EARLY_MORN,525.88,528.25,2026-09-17T04:30:00,2026-09-17T08:00:00,65,OHE Insulator Washing & High-Voltage Testing,TRD-OHE-CNB-PRYJ-0046,Post & Tension Insulators,6.5,65,0,28.3,7.0,LOW,True,True,PENDING
REQ-20260917-ENG-0031,TMS,ENG,SEC-GZB-ALJN,SLOT_EARLY_MORN,116.31,116.92,2026-09-17T04:30:00,2026-09-17T08:00:00,112,Ultrasonic Flaw Detection (USFD) & Joint Rectification,ENG-TRK-GZB-ALJN-0049,Rail Joint / Fishplate,14.5,163,3,66.0,5.1,HIGH,False,True,PENDING
REQ-20260917-ENG-0032,TMS,ENG,SEC-NDLS-TKJ,SLOT_EARLY_MORN,2.52,2.82,2026-09-17T04:30:00,2026-09-17T08:00:00,113,Switch Expansion Joint (SEJ) Maintenance,ENG-TRK-NDLS-TKJ-0048,SEJ Assembly,10.1,207,1,42.1,5.2,MEDIUM,False,True,PENDING
REQ-20260917-ENG-0033,TMS,ENG,SEC-PRYJ-DDU,SLOT_EARLY_MORN,710.17,710.41,2026-09-17T04:30:00,2026-09-17T07:45:00,133,Turnout & Switch Crossing Renewal,ENG-TRK-PRYJ-DDU-0011,Turnout Assembly,0.9,35,0,12.0,9.7,LOW,False,True,PENDING
REQ-20260917-TRD-0036,TDMS,TRD,SEC-TDL-CNB,SLOT_EARLY_MORN,374.55,375.71,2026-09-17T04:30:00,2026-09-17T08:00:00,123,OHE Catenary Wire Splicing & Tensioning,TRD-OHE-TDL-CNB-0071,Tension Spring / Regulating Equipment,1.7,98,0,45.2,9.4,MEDIUM,True,True,PENDING
REQ-20260917-ENG-0034,TMS,ENG,SEC-ALJN-TDL,SLOT_EARLY_MORN,147.01,147.59,2026-09-17T04:45:00,2026-09-17T07:30:00,128,Ultrasonic Flaw Detection (USFD) & Joint Rectification,ENG-TRK-ALJN-TDL-0036,Rail Joint / Fishplate,18.3,241,5,114.9,2.7,CRITICAL,False,True,PENDING
REQ-20260917-ENG-0035,TMS,ENG,SEC-CNB-PRYJ,SLOT_EARLY_MORN,618.64,619.13,2026-09-17T04:45:00,2026-09-17T08:00:00,162,Turnout & Switch Crossing Renewal,ENG-TRK-CNB-PRYJ-0047,Turnout Assembly,21.5,279,6,114.3,2.8,CRITICAL,False,True,PENDING
REQ-20260917-ST-0023,SMMS,S&T,SEC-NDLS-TKJ,SLOT_EARLY_MORN,0.35,0.91,2026-09-17T04:45:00,2026-09-17T08:00:00,85,Signaling Cable Meggering & Trench Maintenance,SNT-SIG-NDLS-TKJ-0072,Underground Signaling Cable,8.2,148,3,70.6,3.6,HIGH,False,False,PENDING
REQ-20260917-ENG-0036,TMS,ENG,SEC-NDLS-TKJ,SLOT_EARLY_MORN,1.59,2.91,2026-09-17T04:45:00,2026-09-17T07:30:00,128,Ultrasonic Flaw Detection (USFD) & Joint Rectification,ENG-TRK-NDLS-TKJ-0084,Rail Joint / Fishplate,6.7,69,0,30.2,7.1,LOW,False,True,PENDING
REQ-20260917-TRD-0037,TDMS,TRD,SEC-PRYJ-DDU,SLOT_EARLY_MORN,710.54,711.69,2026-09-17T04:45:00,2026-09-17T07:30:00,143,OHE Catenary Wire Splicing & Tensioning,TRD-OHE-PRYJ-DDU-0007,Tension Spring / Regulating Equipment,23.7,246,5,97.1,1.9,CRITICAL,True,True,PENDING
REQ-20260917-ENG-0037,TMS,ENG,SEC-TDL-CNB,SLOT_EARLY_MORN,421.83,423.72,2026-09-17T04:45:00,2026-09-17T08:00:00,133,Ballast Regulating & Track Dressing,ENG-TRK-TDL-CNB-0046,Ballast Track,14.3,231,1,68.9,5.4,MEDIUM,False,True,PENDING
REQ-20260917-TRD-0038,TDMS,TRD,SEC-ALJN-TDL,SLOT_EARLY_MORN,147.58,149.66,2026-09-17T05:00:00,2026-09-17T07:45:00,122,OHE Annual Overhaul & Contact Wire Inspection,TRD-OHE-ALJN-TDL-0028,OHE Contact & Catenary Wire,20.8,262,6,96.1,1.7,CRITICAL,True,True,PENDING
REQ-20260917-ST-0024,SMMS,S&T,SEC-ALJN-TDL,SLOT_EARLY_MORN,199.78,199.89,2026-09-17T05:00:00,2026-09-17T07:30:00,81,Point Machine Overhaul & Lubrication,SNT-SIG-ALJN-TDL-0049,Electric Point Machine,7.4,93,0,44.7,6.6,MEDIUM,False,True,PENDING
REQ-20260917-ENG-0038,TMS,ENG,SEC-GZB-MB,SLOT_EARLY_MORN,63.05,64.68,2026-09-17T05:00:00,2026-09-17T07:30:00,135,Track Tamping (BCM/CSM Machine),ENG-TRK-GZB-MB-0050,Ballast & Sleeper Bed,23.0,318,5,132.8,1.9,CRITICAL,False,True,PENDING
REQ-20260917-ST-0025,COA,S&T,SEC-PRYJ-DDU,SLOT_EARLY_MORN,739.3,739.44,2026-09-17T05:00:00,2026-09-17T07:30:00,50,Signal Aspect LED Lamp & Mechanism Replacement,SNT-SIG-PRYJ-DDU-0039,Color Light Signal Post,17.3,241,4,108.2,2.6,CRITICAL,False,False,PENDING
REQ-20260917-ST-0026,SMMS,S&T,SEC-NDLS-TKJ,SLOT_MIDDAY,1.59,1.96,2026-09-17T11:30:00,2026-09-17T14:30:00,120,Electronic Interlocking (EI) Diagnostic & Fail-Safe Test,SNT-SIG-NDLS-TKJ-0037,Solid State Interlocking Unit,6.4,103,1,44.2,9.4,MEDIUM,False,True,PENDING
REQ-20260917-ST-0027,SMMS,S&T,SEC-TKJ-GZB,SLOT_MIDDAY,18.25,19.2,2026-09-17T11:30:00,2026-09-17T14:30:00,88,Signaling Cable Meggering & Trench Maintenance,SNT-SIG-TKJ-GZB-0055,Underground Signaling Cable,12.5,144,3,57.6,5.3,HIGH,False,False,PENDING
REQ-20260917-ENG-0039,TMS,ENG,SEC-GZB-MB,SLOT_MIDDAY,159.9,161.24,2026-09-17T11:45:00,2026-09-17T14:45:00,165,Deep Ballast Screening,ENG-TRK-GZB-MB-0076,Ballast Cushion,6.5,45,0,16.3,8.0,LOW,True,True,PENDING
REQ-20260917-ST-0028,SMMS,S&T,SEC-GZB-ALJN,SLOT_MIDDAY,116.3,117.07,2026-09-17T12:00:00,2026-09-17T14:30:00,134,Electronic Interlocking (EI) Diagnostic & Fail-Safe Test,SNT-SIG-GZB-ALJN-0065,Solid State Interlocking Unit,7.8,61,0,17.0,9.3,LOW,False,True,PENDING
REQ-20260917-ST-0029,SMMS,S&T,SEC-GZB-MB,SLOT_MIDDAY,105.21,105.34,2026-09-17T12:00:00,2026-09-17T14:45:00,70,Signal Aspect LED Lamp & Mechanism Replacement,SNT-SIG-GZB-MB-0066,Color Light Signal Post,3.4,102,0,29.9,9.8,MEDIUM,False,False,PENDING
REQ-20260917-ENG-0040,COA,ENG,SEC-GZB-MB,SLOT_AFTERNOON,43.91,44.61,2026-09-17T15:00:00,2026-09-17T18:15:00,101,Ultrasonic Flaw Detection (USFD) & Joint Rectification,ENG-TRK-GZB-MB-0067,Rail Joint / Fishplate,21.0,223,5,87.9,3.3,CRITICAL,False,True,PENDING
REQ-20260917-TRD-0039,TDMS,TRD,SEC-NDLS-TKJ,SLOT_AFTERNOON,3.16,3.44,2026-09-17T15:00:00,2026-09-17T18:30:00,102,Section Insulator & Isolator Switch Servicing,TRD-OHE-NDLS-TKJ-0060,OHE Track Section Isolator,3.7,51,0,31.0,7.8,LOW,True,True,PENDING
REQ-20260917-ENG-0041,TMS,ENG,SEC-ALJN-TDL,SLOT_AFTERNOON,181.92,182.17,2026-09-17T15:15:00,2026-09-17T18:00:00,144,Turnout & Switch Crossing Renewal,ENG-TRK-ALJN-TDL-0075,Turnout Assembly,1.4,83,0,17.8,6.6,LOW,False,True,PENDING
REQ-20260917-ST-0030,SMMS,S&T,SEC-ALJN-TDL,SLOT_AFTERNOON,190.79,191.1,2026-09-17T15:15:00,2026-09-17T18:00:00,110,Point Machine Overhaul & Lubrication,SNT-SIG-ALJN-TDL-0026,Electric Point Machine,7.8,34,0,26.8,8.5,LOW,False,True,PENDING
REQ-20260917-ENG-0042,TMS,ENG,SEC-GZB-ALJN,SLOT_AFTERNOON,49.48,51.21,2026-09-17T15:30:00,2026-09-17T18:30:00,162,Track Tamping (BCM/CSM Machine),ENG-TRK-GZB-ALJN-0045,Ballast & Sleeper Bed,5.7,23,0,28.6,9.6,LOW,False,True,PENDING
REQ-20260918-TRD-0040,TDMS,TRD,SEC-GZB-ALJN,SLOT_NIGHT,91.35,92.56,2026-09-18T00:30:00,2026-09-18T04:30:00,167,OHE Catenary Wire Splicing & Tensioning,TRD-OHE-GZB-ALJN-0048,Tension Spring / Regulating Equipment,9.2,238,2,45.2,5.2,HIGH,True,True,PENDING
REQ-20260918-ST-0031,SMMS,S&T,SEC-NDLS-TKJ,SLOT_NIGHT,2.4,2.62,2026-09-18T00:30:00,2026-09-18T04:15:00,70,Level Crossing Interlocking Gate Inspection,SNT-SIG-NDLS-TKJ-0032,Interlocked LC Gate Mechanism,22.0,264,3,75.8,1.5,CRITICAL,False,True,PENDING
REQ-20260918-ENG-0043,TMS,ENG,SEC-TDL-CNB,SLOT_NIGHT,274.02,275.03,2026-09-18T00:30:00,2026-09-18T04:30:00,196,Deep Ballast Screening,ENG-TRK-TDL-CNB-0053,Ballast Cushion,20.0,308,5,85.0,1.5,CRITICAL,True,True,PENDING
REQ-20260918-ENG-0044,TMS,ENG,SEC-TDL-CNB,SLOT_NIGHT,432.02,433.88,2026-09-18T00:30:00,2026-09-18T04:00:00,108,Ballast Regulating & Track Dressing,ENG-TRK-TDL-CNB-0064,Ballast Track,15.0,218,1,55.1,4.7,HIGH,False,True,PENDING
REQ-20260918-ST-0032,SMMS,S&T,SEC-TKJ-GZB,SLOT_NIGHT,21.29,21.4,2026-09-18T00:30:00,2026-09-18T04:00:00,50,Signal Aspect LED Lamp & Mechanism Replacement,SNT-SIG-TKJ-GZB-0042,Color Light Signal Post,2.7,88,0,30.9,8.1,LOW,False,False,PENDING
REQ-20260918-ST-0033,SMMS,S&T,SEC-NDLS-TKJ,SLOT_NIGHT,3.21,3.44,2026-09-18T00:45:00,2026-09-18T04:00:00,60,Level Crossing Interlocking Gate Inspection,SNT-SIG-NDLS-TKJ-0051,Interlocked LC Gate Mechanism,24.3,262,5,84.4,3.0,CRITICAL,False,True,PENDING
REQ-20260918-TRD-0041,TDMS,TRD,SEC-PRYJ-DDU,SLOT_EARLY_MORN,748.03,752.48,2026-09-18T04:30:00,2026-09-18T07:45:00,93,Tower Wagon Foot Patrolling & Current Collection Test,TRD-OHE-PRYJ-DDU-0056,Overhead Traction Line,5.7,29,0,31.3,6.5,LOW,True,True,PENDING
REQ-20260918-ENG-0045,TMS,ENG,SEC-TKJ-GZB,SLOT_EARLY_MORN,8.01,9.24,2026-09-18T04:30:00,2026-09-18T08:00:00,109,Ultrasonic Flaw Detection (USFD) & Joint Rectification,ENG-TRK-TKJ-GZB-0082,Rail Joint / Fishplate,2.6,75,0,47.0,6.9,LOW,False,True,PENDING
REQ-20260918-TRD-0042,TDMS,TRD,SEC-NDLS-TKJ,SLOT_EARLY_MORN,1.87,2.98,2026-09-18T04:45:00,2026-09-18T07:45:00,129,Cantilever Assembly & Dropper Adjustment,TRD-OHE-NDLS-TKJ-0035,Cantilever Mast Assembly,1.1,117,0,40.1,7.8,MEDIUM,True,True,PENDING
REQ-20260918-TRD-0043,TDMS,TRD,SEC-TDL-CNB,SLOT_EARLY_MORN,360.76,363.37,2026-09-18T04:45:00,2026-09-18T07:45:00,64,OHE Insulator Washing & High-Voltage Testing,TRD-OHE-TDL-CNB-0065,Post & Tension Insulators,10.7,212,2,52.2,3.8,HIGH,True,True,PENDING
REQ-20260918-TRD-0044,TDMS,TRD,SEC-GZB-ALJN,SLOT_MIDDAY,43.31,45.18,2026-09-18T11:30:00,2026-09-18T14:45:00,132,Cantilever Assembly & Dropper Adjustment,TRD-OHE-GZB-ALJN-0004,Cantilever Mast Assembly,11.5,235,1,48.1,5.7,MEDIUM,True,True,PENDING
REQ-20260918-TRD-0045,TDMS,TRD,SEC-NDLS-TKJ,SLOT_MIDDAY,0.5,1.54,2026-09-18T11:30:00,2026-09-18T14:45:00,131,OHE Catenary Wire Splicing & Tensioning,TRD-OHE-NDLS-TKJ-0017,Tension Spring / Regulating Equipment,7.7,23,0,44.9,9.0,LOW,True,True,PENDING
REQ-20260918-ENG-0046,COA,ENG,SEC-GZB-ALJN,SLOT_MIDDAY,43.97,44.54,2026-09-18T11:45:00,2026-09-18T15:00:00,150,Ultrasonic Flaw Detection (USFD) & Joint Rectification,ENG-TRK-GZB-ALJN-0006,Rail Joint / Fishplate,7.8,178,1,56.6,4.4,HIGH,False,True,PENDING
REQ-20260918-TRD-0046,COA,TRD,SEC-PRYJ-DDU,SLOT_MIDDAY,632.17,633.34,2026-09-18T11:45:00,2026-09-18T15:00:00,171,OHE Catenary Wire Splicing & Tensioning,TRD-OHE-PRYJ-DDU-0049,Tension Spring / Regulating Equipment,6.1,46,0,34.5,8.0,LOW,True,True,PENDING
REQ-20260918-ENG-0047,TMS,ENG,SEC-NDLS-TKJ,SLOT_MIDDAY,0.77,1.25,2026-09-18T12:00:00,2026-09-18T15:00:00,145,Turnout & Switch Crossing Renewal,ENG-TRK-NDLS-TKJ-0023,Turnout Assembly,2.2,84,0,21.3,6.3,LOW,True,True,PENDING
REQ-20260918-ST-0034,COA,S&T,SEC-PRYJ-DDU,SLOT_MIDDAY,747.76,749.18,2026-09-18T12:00:00,2026-09-18T15:00:00,106,Signaling Cable Meggering & Trench Maintenance,SNT-SIG-PRYJ-DDU-0010,Underground Signaling Cable,10.1,227,3,79.5,6.1,HIGH,False,False,PENDING
REQ-20260918-ENG-0048,TMS,ENG,SEC-PRYJ-DDU,SLOT_MIDDAY,747.85,750.29,2026-09-18T12:00:00,2026-09-18T15:00:00,113,Ballast Regulating & Track Dressing,ENG-TRK-PRYJ-DDU-0015,Ballast Track,21.9,298,3,87.3,3.5,CRITICAL,False,True,PENDING
REQ-20260918-ST-0035,SMMS,S&T,SEC-TKJ-GZB,SLOT_MIDDAY,17.32,18.19,2026-09-18T12:00:00,2026-09-18T14:30:00,123,Electronic Interlocking (EI) Diagnostic & Fail-Safe Test,SNT-SIG-TKJ-GZB-0046,Solid State Interlocking Unit,15.7,138,3,52.6,3.7,HIGH,False,True,PENDING
REQ-20260918-ENG-0049,TMS,ENG,SEC-NDLS-TKJ,SLOT_AFTERNOON,1.11,2.71,2026-09-18T15:00:00,2026-09-18T18:30:00,176,Through Rail Renewal (TRR),ENG-TRK-NDLS-TKJ-0016,Continuous Welded Rail,14.6,172,3,80.3,4.8,HIGH,True,True,PENDING
REQ-20260918-TRD-0047,TDMS,TRD,SEC-PRYJ-DDU,SLOT_AFTERNOON,753.2,755.35,2026-09-18T15:00:00,2026-09-18T18:30:00,140,OHE Catenary Wire Splicing & Tensioning,TRD-OHE-PRYJ-DDU-0063,Tension Spring / Regulating Equipment,4.4,96,0,14.8,8.3,MEDIUM,True,True,PENDING
REQ-20260918-TRD-0048,TDMS,TRD,SEC-ALJN-TDL,SLOT_AFTERNOON,152.07,152.29,2026-09-18T15:15:00,2026-09-18T18:00:00,92,Section Insulator & Isolator Switch Servicing,TRD-OHE-ALJN-TDL-0009,OHE Track Section Isolator,15.7,150,2,51.7,4.4,HIGH,True,True,PENDING
REQ-20260918-ST-0036,SMMS,S&T,SEC-GZB-ALJN,SLOT_AFTERNOON,89.23,89.35,2026-09-18T15:15:00,2026-09-18T18:00:00,65,Signal Aspect LED Lamp & Mechanism Replacement,SNT-SIG-GZB-ALJN-0060,Color Light Signal Post,5.8,109,0,29.2,7.1,MEDIUM,False,False,PENDING
REQ-20260918-ST-0037,SMMS,S&T,SEC-GZB-ALJN,SLOT_AFTERNOON,104.26,105.41,2026-09-18T15:15:00,2026-09-18T18:15:00,78,Signaling Cable Meggering & Trench Maintenance,SNT-SIG-GZB-ALJN-0068,Underground Signaling Cable,1.8,113,0,17.9,6.9,MEDIUM,False,False,PENDING
REQ-20260918-ENG-0050,TMS,ENG,SEC-GZB-MB,SLOT_AFTERNOON,54.38,57.81,2026-09-18T15:15:00,2026-09-18T18:30:00,151,Track Tamping (BCM/CSM Machine),ENG-TRK-GZB-MB-0072,Ballast & Sleeper Bed,10.7,188,2,83.4,4.1,HIGH,False,True,PENDING
REQ-20260918-ENG-0051,TMS,ENG,SEC-ALJN-TDL,SLOT_AFTERNOON,151.63,151.9,2026-09-18T15:30:00,2026-09-18T18:30:00,85,Switch Expansion Joint (SEJ) Maintenance,ENG-TRK-ALJN-TDL-0013,SEJ Assembly,9.4,135,1,47.1,5.4,MEDIUM,False,True,PENDING
REQ-20260918-ST-0038,SMMS,S&T,SEC-NDLS-TKJ,SLOT_AFTERNOON,1.59,1.76,2026-09-18T15:30:00,2026-09-18T18:00:00,64,Signal Aspect LED Lamp & Mechanism Replacement,SNT-SIG-NDLS-TKJ-0011,Color Light Signal Post,5.8,20,0,44.5,6.8,LOW,False,False,PENDING
REQ-20260918-ST-0039,COA,S&T,SEC-PRYJ-DDU,SLOT_AFTERNOON,776.4,776.52,2026-09-18T15:30:00,2026-09-18T18:30:00,80,Level Crossing Interlocking Gate Inspection,SNT-SIG-PRYJ-DDU-0075,Interlocked LC Gate Mechanism,7.8,65,0,37.7,7.2,LOW,False,True,PENDING
REQ-20260919-ST-0040,SMMS,S&T,SEC-ALJN-TDL,SLOT_NIGHT,195.0,195.19,2026-09-19T00:30:00,2026-09-19T04:30:00,74,Digital Axle Counter (DAC) Sensor Calibration,SNT-SIG-ALJN-TDL-0004,Axle Counter Detection Point,1.0,66,0,33.1,8.2,LOW,False,True,PENDING
REQ-20260919-ST-0041,SMMS,S&T,SEC-CNB-PRYJ,SLOT_NIGHT,436.22,436.45,2026-09-19T00:30:00,2026-09-19T04:00:00,81,Digital Axle Counter (DAC) Sensor Calibration,SNT-SIG-CNB-PRYJ-0001,Axle Counter Detection Point,15.2,255,3,75.7,3.1,CRITICAL,False,True,PENDING
REQ-20260919-ENG-0052,TMS,ENG,SEC-CNB-PRYJ,SLOT_NIGHT,436.23,438.49,2026-09-19T00:30:00,2026-09-19T04:15:00,94,Ballast Regulating & Track Dressing,ENG-TRK-CNB-PRYJ-0001,Ballast Track,1.7,120,0,38.1,9.6,MEDIUM,False,True,PENDING
REQ-20260919-ENG-0053,TMS,ENG,SEC-PRYJ-DDU,SLOT_NIGHT,753.74,756.51,2026-09-19T00:30:00,2026-09-19T04:30:00,171,Track Tamping (BCM/CSM Machine),ENG-TRK-PRYJ-DDU-0010,Ballast & Sleeper Bed,21.0,239,3,134.8,1.7,CRITICAL,False,True,PENDING
REQ-20260919-ENG-0054,TMS,ENG,SEC-ALJN-TDL,SLOT_NIGHT,194.51,196.51,2026-09-19T00:45:00,2026-09-19T04:15:00,184,Deep Ballast Screening,ENG-TRK-ALJN-TDL-0007,Ballast Cushion,6.6,26,0,43.5,7.5,LOW,False,True,PENDING
REQ-20260919-ST-0042,SMMS,S&T,SEC-PRYJ-DDU,SLOT_NIGHT,742.74,743.11,2026-09-19T00:45:00,2026-09-19T04:30:00,98,Point Machine Overhaul & Lubrication,SNT-SIG-PRYJ-DDU-0031,Electric Point Machine,8.5,193,2,77.0,4.6,HIGH,False,True,PENDING
REQ-20260919-ST-0043,SMMS,S&T,SEC-PRYJ-DDU,SLOT_NIGHT,753.21,754.69,2026-09-19T00:45:00,2026-09-19T04:00:00,105,Signaling Cable Meggering & Trench Maintenance,SNT-SIG-PRYJ-DDU-0007,Underground Signaling Cable,22.2,264,5,87.9,1.6,CRITICAL,False,False,PENDING
REQ-20260919-TRD-0049,COA,TRD,SEC-TDL-CNB,SLOT_NIGHT,227.12,228.31,2026-09-19T00:45:00,2026-09-19T04:15:00,155,OHE Catenary Wire Splicing & Tensioning,TRD-OHE-TDL-CNB-0066,Tension Spring / Regulating Equipment,15.0,124,3,67.9,4.2,HIGH,True,True,PENDING
REQ-20260919-ENG-0055,TMS,ENG,SEC-GZB-ALJN,SLOT_NIGHT,53.78,54.01,2026-09-19T01:00:00,2026-09-19T04:15:00,91,Switch Expansion Joint (SEJ) Maintenance,ENG-TRK-GZB-ALJN-0052,SEJ Assembly,10.7,190,2,42.7,4.3,HIGH,False,True,PENDING
REQ-20260919-ST-0044,SMMS,S&T,SEC-PRYJ-DDU,SLOT_NIGHT,752.41,753.02,2026-09-19T01:00:00,2026-09-19T04:30:00,110,Electronic Interlocking (EI) Diagnostic & Fail-Safe Test,SNT-SIG-PRYJ-DDU-0043,Solid State Interlocking Unit,16.4,354,4,112.8,3.0,CRITICAL,False,True,PENDING
REQ-20260919-TRD-0050,TDMS,TRD,SEC-PRYJ-DDU,SLOT_NIGHT,753.84,755.62,2026-09-19T01:00:00,2026-09-19T04:30:00,154,OHE Annual Overhaul & Contact Wire Inspection,TRD-OHE-PRYJ-DDU-0006,OHE Contact & Catenary Wire,7.9,115,0,30.2,9.0,MEDIUM,True,True,PENDING
REQ-20260919-ENG-0056,TMS,ENG,SEC-GZB-MB,SLOT_EARLY_MORN,110.32,111.15,2026-09-19T04:30:00,2026-09-19T07:45:00,129,Ultrasonic Flaw Detection (USFD) & Joint Rectification,ENG-TRK-GZB-MB-0074,Rail Joint / Fishplate,12.1,161,2,52.2,3.7,HIGH,False,True,PENDING
REQ-20260919-TRD-0051,TDMS,TRD,SEC-ALJN-TDL,SLOT_EARLY_MORN,136.82,137.07,2026-09-19T04:45:00,2026-09-19T07:30:00,133,Neutral Section & Phase Break Maintenance,TRD-OHE-ALJN-TDL-0037,PTFE Neutral Section,1.0,118,0,14.2,9.8,MEDIUM,True,True,PENDING
REQ-20260919-ST-0045,SMMS,S&T,SEC-GZB-MB,SLOT_EARLY_MORN,153.01,153.56,2026-09-19T04:45:00,2026-09-19T07:45:00,139,Electronic Interlocking (EI) Diagnostic & Fail-Safe Test,SNT-SIG-GZB-MB-0044,Solid State Interlocking Unit,6.3,44,0,15.8,8.6,LOW,False,True,PENDING
REQ-20260919-ST-0046,SMMS,S&T,SEC-NDLS-TKJ,SLOT_EARLY_MORN,0.95,1.16,2026-09-19T04:45:00,2026-09-19T07:30:00,88,Point Machine Overhaul & Lubrication,SNT-SIG-NDLS-TKJ-0064,Electric Point Machine,14.3,237,3,42.5,6.2,HIGH,False,True,PENDING
REQ-20260919-ST-0047,COA,S&T,SEC-PRYJ-DDU,SLOT_EARLY_MORN,667.87,668.44,2026-09-19T04:45:00,2026-09-19T07:30:00,95,Electronic Interlocking (EI) Diagnostic & Fail-Safe Test,SNT-SIG-PRYJ-DDU-0078,Solid State Interlocking Unit,14.6,222,2,56.0,5.8,HIGH,False,True,PENDING
REQ-20260919-ENG-0057,TMS,ENG,SEC-PRYJ-DDU,SLOT_EARLY_MORN,670.89,672.25,2026-09-19T04:45:00,2026-09-19T07:45:00,149,Ultrasonic Flaw Detection (USFD) & Joint Rectification,ENG-TRK-PRYJ-DDU-0040,Rail Joint / Fishplate,2.1,90,0,40.0,7.6,LOW,False,True,PENDING
REQ-20260919-ST-0048,SMMS,S&T,SEC-GZB-ALJN,SLOT_EARLY_MORN,57.77,58.15,2026-09-19T05:00:00,2026-09-19T07:30:00,102,Point Machine Overhaul & Lubrication,SNT-SIG-GZB-ALJN-0045,Electric Point Machine,5.9,60,0,33.4,8.3,LOW,False,True,PENDING
REQ-20260919-ENG-0058,TMS,ENG,SEC-GZB-MB,SLOT_MIDDAY,160.95,162.65,2026-09-19T11:30:00,2026-09-19T14:30:00,152,Through Rail Renewal (TRR),ENG-TRK-GZB-MB-0069,Continuous Welded Rail,15.9,232,2,64.4,4.1,HIGH,False,True,PENDING
REQ-20260919-ENG-0059,COA,ENG,SEC-TDL-CNB,SLOT_MIDDAY,399.08,399.34,2026-09-19T11:30:00,2026-09-19T15:00:00,107,Switch Expansion Joint (SEJ) Maintenance,ENG-TRK-TDL-CNB-0012,SEJ Assembly,21.2,225,6,75.0,3.3,CRITICAL,False,True,PENDING
REQ-20260919-ST-0049,SMMS,S&T,SEC-TKJ-GZB,SLOT_MIDDAY,9.46,9.58,2026-09-19T11:30:00,2026-09-19T14:45:00,87,Level Crossing Interlocking Gate Inspection,SNT-SIG-TKJ-GZB-0038,Interlocked LC Gate Mechanism,8.2,211,1,81.3,5.8,MEDIUM,False,True,PENDING
REQ-20260919-TRD-0052,TDMS,TRD,SEC-TKJ-GZB,SLOT_MIDDAY,15.51,15.73,2026-09-19T11:30:00,2026-09-19T14:30:00,147,Neutral Section & Phase Break Maintenance,TRD-OHE-TKJ-GZB-0075,PTFE Neutral Section,7.2,195,3,81.3,5.6,HIGH,True,True,PENDING
REQ-20260919-ENG-0060,TMS,ENG,SEC-GZB-ALJN,SLOT_MIDDAY,34.91,35.62,2026-09-19T11:45:00,2026-09-19T15:00:00,146,Ultrasonic Flaw Detection (USFD) & Joint Rectification,ENG-TRK-GZB-ALJN-0008,Rail Joint / Fishplate,7.0,24,0,47.8,7.7,LOW,False,True,PENDING
REQ-20260919-TRD-0053,TDMS,TRD,SEC-GZB-MB,SLOT_MIDDAY,91.67,93.5,2026-09-19T11:45:00,2026-09-19T15:00:00,89,OHE Insulator Washing & High-Voltage Testing,TRD-OHE-GZB-MB-0034,Post & Tension Insulators,17.6,254,4,118.9,2.2,CRITICAL,True,True,PENDING
REQ-20260919-ENG-0061,TMS,ENG,SEC-PRYJ-DDU,SLOT_MIDDAY,704.31,706.24,2026-09-19T11:45:00,2026-09-19T15:00:00,180,Deep Ballast Screening,ENG-TRK-PRYJ-DDU-0039,Ballast Cushion,4.3,55,0,48.8,8.7,LOW,True,True,PENDING
REQ-20260919-TRD-0054,TDMS,TRD,SEC-TDL-CNB,SLOT_MIDDAY,399.07,400.23,2026-09-19T11:45:00,2026-09-19T15:00:00,132,OHE Catenary Wire Splicing & Tensioning,TRD-OHE-TDL-CNB-0008,Tension Spring / Regulating Equipment,2.4,90,0,26.4,8.9,LOW,True,True,PENDING
REQ-20260919-ST-0050,SMMS,S&T,SEC-TKJ-GZB,SLOT_MIDDAY,12.53,12.76,2026-09-19T11:45:00,2026-09-19T14:45:00,64,Digital Axle Counter (DAC) Sensor Calibration,SNT-SIG-TKJ-GZB-0029,Axle Counter Detection Point,8.6,120,3,82.7,4.6,HIGH,False,True,PENDING
REQ-20260919-TRD-0055,TDMS,TRD,SEC-ALJN-TDL,SLOT_MIDDAY,182.89,184.91,2026-09-19T12:00:00,2026-09-19T14:30:00,98,Cantilever Assembly & Dropper Adjustment,TRD-OHE-ALJN-TDL-0038,Cantilever Mast Assembly,7.7,19,0,24.1,9.1,LOW,True,True,PENDING
REQ-20260919-ST-0051,COA,S&T,SEC-GZB-ALJN,SLOT_MIDDAY,35.37,35.5,2026-09-19T12:00:00,2026-09-19T14:45:00,84,Digital Axle Counter (DAC) Sensor Calibration,SNT-SIG-GZB-ALJN-0005,Axle Counter Detection Point,5.4,28,0,17.3,8.9,LOW,False,True,PENDING
REQ-20260919-ST-0052,SMMS,S&T,SEC-GZB-MB,SLOT_MIDDAY,140.55,141.18,2026-09-19T12:00:00,2026-09-19T14:30:00,97,Signaling Cable Meggering & Trench Maintenance,SNT-SIG-GZB-MB-0057,Underground Signaling Cable,15.8,141,3,79.8,3.8,HIGH,False,False,PENDING
REQ-20260919-ST-0053,SMMS,S&T,SEC-TDL-CNB,SLOT_MIDDAY,399.01,399.3,2026-09-19T12:00:00,2026-09-19T15:00:00,68,Level Crossing Interlocking Gate Inspection,SNT-SIG-TDL-CNB-0008,Interlocked LC Gate Mechanism,5.4,57,0,22.1,7.2,LOW,False,True,PENDING
REQ-20260919-ST-0054,SMMS,S&T,SEC-CNB-PRYJ,SLOT_AFTERNOON,589.58,590.84,2026-09-19T15:00:00,2026-09-19T18:30:00,103,Signaling Cable Meggering & Trench Maintenance,SNT-SIG-CNB-PRYJ-0073,Underground Signaling Cable,17.1,247,3,77.9,2.2,CRITICAL,False,False,PENDING
REQ-20260919-ENG-0062,TMS,ENG,SEC-GZB-ALJN,SLOT_AFTERNOON,29.76,30.76,2026-09-19T15:00:00,2026-09-19T18:00:00,111,Ultrasonic Flaw Detection (USFD) & Joint Rectification,ENG-TRK-GZB-ALJN-0073,Rail Joint / Fishplate,8.5,172,2,79.7,4.5,HIGH,False,True,PENDING
REQ-20260919-ST-0055,SMMS,S&T,SEC-GZB-MB,SLOT_AFTERNOON,69.99,70.18,2026-09-19T15:00:00,2026-09-19T18:00:00,60,Digital Axle Counter (DAC) Sensor Calibration,SNT-SIG-GZB-MB-0025,Axle Counter Detection Point,14.5,220,3,69.3,5.4,HIGH,False,True,PENDING
REQ-20260919-TRD-0056,TDMS,TRD,SEC-TDL-CNB,SLOT_AFTERNOON,273.23,275.65,2026-09-19T15:00:00,2026-09-19T18:15:00,81,OHE Insulator Washing & High-Voltage Testing,TRD-OHE-TDL-CNB-0067,Post & Tension Insulators,7.7,228,1,53.3,4.4,HIGH,True,True,PENDING
REQ-20260919-ST-0056,SMMS,S&T,SEC-TDL-CNB,SLOT_AFTERNOON,366.15,366.52,2026-09-19T15:30:00,2026-09-19T18:00:00,125,Electronic Interlocking (EI) Diagnostic & Fail-Safe Test,SNT-SIG-TDL-CNB-0035,Solid State Interlocking Unit,1.3,36,0,18.1,6.6,LOW,False,True,PENDING
REQ-20260920-ENG-0063,COA,ENG,SEC-CNB-PRYJ,SLOT_NIGHT,502.91,503.1,2026-09-20T00:30:00,2026-09-20T04:00:00,93,Switch Expansion Joint (SEJ) Maintenance,ENG-TRK-CNB-PRYJ-0028,SEJ Assembly,7.8,58,0,35.3,8.0,LOW,False,True,PENDING
REQ-20260920-TRD-0057,TDMS,TRD,SEC-TDL-CNB,SLOT_NIGHT,335.17,335.45,2026-09-20T00:30:00,2026-09-20T04:00:00,102,Neutral Section & Phase Break Maintenance,TRD-OHE-TDL-CNB-0024,PTFE Neutral Section,25.3,262,6,84.4,1.4,CRITICAL,True,True,PENDING
REQ-20260920-TRD-0058,TDMS,TRD,SEC-CNB-PRYJ,SLOT_NIGHT,503.53,505.76,2026-09-20T00:45:00,2026-09-20T04:15:00,87,OHE Insulator Washing & High-Voltage Testing,TRD-OHE-CNB-PRYJ-0022,Post & Tension Insulators,8.7,209,3,72.5,5.5,HIGH,True,True,PENDING
REQ-20260920-TRD-0059,TDMS,TRD,SEC-CNB-PRYJ,SLOT_NIGHT,581.36,583.57,2026-09-20T00:45:00,2026-09-20T04:15:00,177,OHE Annual Overhaul & Contact Wire Inspection,TRD-OHE-CNB-PRYJ-0057,OHE Contact & Catenary Wire,9.5,150,1,42.2,5.1,MEDIUM,True,True,PENDING
REQ-20260920-ST-0057,SMMS,S&T,SEC-NDLS-TKJ,SLOT_NIGHT,0.13,0.6,2026-09-20T00:45:00,2026-09-20T04:30:00,124,Electronic Interlocking (EI) Diagnostic & Fail-Safe Test,SNT-SIG-NDLS-TKJ-0076,Solid State Interlocking Unit,1.9,61,1,15.3,9.2,MEDIUM,False,True,PENDING
REQ-20260920-ST-0058,SMMS,S&T,SEC-TKJ-GZB,SLOT_NIGHT,18.82,19.48,2026-09-20T00:45:00,2026-09-20T04:30:00,62,Track Circuit Joint Impedance Bonding,SNT-SIG-TKJ-GZB-0052,DC/Audio Track Circuit,4.3,27,1,18.5,7.3,MEDIUM,False,True,PENDING
REQ-20260920-TRD-0060,TDMS,TRD,SEC-CNB-PRYJ,SLOT_NIGHT,524.16,526.11,2026-09-20T01:00:00,2026-09-20T04:15:00,131,Cantilever Assembly & Dropper Adjustment,TRD-OHE-CNB-PRYJ-0042,Cantilever Mast Assembly,24.1,298,6,103.3,3.3,CRITICAL,True,True,PENDING
REQ-20260920-ENG-0064,TMS,ENG,SEC-PRYJ-DDU,SLOT_NIGHT,683.43,685.48,2026-09-20T01:00:00,2026-09-20T04:00:00,122,Ballast Regulating & Track Dressing,ENG-TRK-PRYJ-DDU-0062,Ballast Track,12.8,169,1,56.7,4.6,HIGH,False,True,PENDING
REQ-20260920-ENG-0065,TMS,ENG,SEC-TDL-CNB,SLOT_NIGHT,335.25,335.62,2026-09-20T01:00:00,2026-09-20T04:00:00,141,Turnout & Switch Crossing Renewal,ENG-TRK-TDL-CNB-0031,Turnout Assembly,7.4,176,2,51.9,5.8,HIGH,True,True,PENDING
REQ-20260920-TRD-0061,TDMS,TRD,SEC-GZB-ALJN,SLOT_EARLY_MORN,77.81,80.0,2026-09-20T04:30:00,2026-09-20T08:00:00,170,OHE Catenary Wire Splicing & Tensioning,TRD-OHE-GZB-ALJN-0062,Tension Spring / Regulating Equipment,13.3,132,1,70.1,5.7,MEDIUM,True,True,PENDING
REQ-20260920-TRD-0062,TDMS,TRD,SEC-GZB-ALJN,SLOT_EARLY_MORN,93.65,94.79,2026-09-20T04:30:00,2026-09-20T07:45:00,112,OHE Insulator Washing & High-Voltage Testing,TRD-OHE-GZB-ALJN-0021,Post & Tension Insulators,13.8,149,3,42.7,4.6,HIGH,True,True,PENDING
REQ-20260920-ENG-0066,TMS,ENG,SEC-GZB-ALJN,SLOT_EARLY_MORN,93.92,94.04,2026-09-20T04:30:00,2026-09-20T07:45:00,94,Switch Expansion Joint (SEJ) Maintenance,ENG-TRK-GZB-ALJN-0027,SEJ Assembly,7.8,102,0,30.0,9.4,MEDIUM,False,True,PENDING
REQ-20260920-TRD-0063,COA,TRD,SEC-PRYJ-DDU,SLOT_EARLY_MORN,727.68,730.01,2026-09-20T04:45:00,2026-09-20T07:30:00,133,OHE Catenary Wire Splicing & Tensioning,TRD-OHE-PRYJ-DDU-0043,Tension Spring / Regulating Equipment,7.7,235,3,41.6,5.1,HIGH,True,True,PENDING
REQ-20260920-TRD-0064,TDMS,TRD,SEC-CNB-PRYJ,SLOT_EARLY_MORN,462.63,463.12,2026-09-20T05:00:00,2026-09-20T07:30:00,110,Section Insulator & Isolator Switch Servicing,TRD-OHE-CNB-PRYJ-0061,OHE Track Section Isolator,4.9,94,1,48.1,7.9,MEDIUM,True,True,PENDING
REQ-20260920-ST-0059,SMMS,S&T,SEC-PRYJ-DDU,SLOT_EARLY_MORN,721.52,722.99,2026-09-20T05:00:00,2026-09-20T07:45:00,74,Signaling Cable Meggering & Trench Maintenance,SNT-SIG-PRYJ-DDU-0047,Underground Signaling Cable,2.0,42,0,16.8,7.8,LOW,False,False,PENDING
REQ-20260920-TRD-0065,TDMS,TRD,SEC-CNB-PRYJ,SLOT_MIDDAY,492.33,496.32,2026-09-20T11:30:00,2026-09-20T15:00:00,133,Tower Wagon Foot Patrolling & Current Collection Test,TRD-OHE-CNB-PRYJ-0011,Overhead Traction Line,3.9,120,0,43.7,7.2,MEDIUM,True,True,PENDING
REQ-20260920-ENG-0067,TMS,ENG,SEC-GZB-ALJN,SLOT_MIDDAY,79.1,80.83,2026-09-20T11:30:00,2026-09-20T14:30:00,158,Track Tamping (BCM/CSM Machine),ENG-TRK-GZB-ALJN-0014,Ballast & Sleeper Bed,7.4,23,1,33.1,8.2,MEDIUM,False,True,PENDING
REQ-20260920-TRD-0066,TDMS,TRD,SEC-TDL-CNB,SLOT_MIDDAY,255.26,257.68,2026-09-20T11:30:00,2026-09-20T14:45:00,129,OHE Annual Overhaul & Contact Wire Inspection,TRD-OHE-TDL-CNB-0074,OHE Contact & Catenary Wire,4.5,16,0,35.7,8.1,LOW,True,True,PENDING
REQ-20260920-TRD-0067,TDMS,TRD,SEC-GZB-ALJN,SLOT_MIDDAY,78.78,81.24,2026-09-20T11:45:00,2026-09-20T15:00:00,165,OHE Annual Overhaul & Contact Wire Inspection,TRD-OHE-GZB-ALJN-0010,OHE Contact & Catenary Wire,10.7,138,3,66.5,5.6,HIGH,True,True,PENDING
REQ-20260920-ST-0060,COA,S&T,SEC-GZB-ALJN,SLOT_MIDDAY,78.9,79.5,2026-09-20T11:45:00,2026-09-20T14:45:00,128,Electronic Interlocking (EI) Diagnostic & Fail-Safe Test,SNT-SIG-GZB-ALJN-0009,Solid State Interlocking Unit,7.5,87,0,41.9,9.3,LOW,False,True,PENDING
REQ-20260920-ENG-0068,TMS,ENG,SEC-GZB-ALJN,SLOT_MIDDAY,95.46,95.8,2026-09-20T11:45:00,2026-09-20T14:45:00,163,Turnout & Switch Crossing Renewal,ENG-TRK-GZB-ALJN-0043,Turnout Assembly,7.1,48,0,30.5,8.4,LOW,False,True,PENDING
REQ-20260920-ST-0061,SMMS,S&T,SEC-CNB-PRYJ,SLOT_MIDDAY,492.21,492.92,2026-09-20T12:00:00,2026-09-20T15:00:00,102,Signaling Cable Meggering & Trench Maintenance,SNT-SIG-CNB-PRYJ-0012,Underground Signaling Cable,8.3,197,3,71.2,3.7,HIGH,False,False,PENDING
REQ-20260920-ENG-0069,TMS,ENG,SEC-CNB-PRYJ,SLOT_MIDDAY,492.29,493.93,2026-09-20T12:00:00,2026-09-20T14:45:00,150,Deep Ballast Screening,ENG-TRK-CNB-PRYJ-0017,Ballast Cushion,3.2,45,1,30.1,7.2,MEDIUM,False,True,PENDING
REQ-20260920-ST-0062,COA,S&T,SEC-GZB-ALJN,SLOT_MIDDAY,41.82,42.25,2026-09-20T12:00:00,2026-09-20T14:45:00,121,Electronic Interlocking (EI) Diagnostic & Fail-Safe Test,SNT-SIG-GZB-ALJN-0062,Solid State Interlocking Unit,14.1,159,2,77.9,5.8,HIGH,False,True,PENDING
REQ-20260920-ENG-0070,COA,ENG,SEC-GZB-MB,SLOT_MIDDAY,124.17,124.4,2026-09-20T12:00:00,2026-09-20T14:30:00,78,Switch Expansion Joint (SEJ) Maintenance,ENG-TRK-GZB-MB-0068,SEJ Assembly,7.8,44,1,49.0,7.9,MEDIUM,False,True,PENDING
REQ-20260920-ENG-0071,TMS,ENG,SEC-TDL-CNB,SLOT_MIDDAY,337.07,339.33,2026-09-20T12:00:00,2026-09-20T14:45:00,150,Through Rail Renewal (TRR),ENG-TRK-TDL-CNB-0041,Continuous Welded Rail,2.7,68,0,15.4,7.8,LOW,True,True,PENDING
REQ-20260920-ST-0063,SMMS,S&T,SEC-CNB-PRYJ,SLOT_AFTERNOON,509.94,510.13,2026-09-20T15:00:00,2026-09-20T18:15:00,89,Signal Aspect LED Lamp & Mechanism Replacement,SNT-SIG-CNB-PRYJ-0054,Color Light Signal Post,11.4,186,2,76.9,4.9,HIGH,False,False,PENDING
REQ-20260920-ENG-0072,TMS,ENG,SEC-TKJ-GZB,SLOT_AFTERNOON,8.7,9.9,2026-09-20T15:00:00,2026-09-20T18:00:00,150,Ultrasonic Flaw Detection (USFD) & Joint Rectification,ENG-TRK-TKJ-GZB-0030,Rail Joint / Fishplate,9.8,184,2,46.1,5.8,HIGH,False,True,PENDING
REQ-20260920-ST-0064,SMMS,S&T,SEC-TKJ-GZB,SLOT_AFTERNOON,8.87,9.5,2026-09-20T15:00:00,2026-09-20T18:00:00,90,Track Circuit Joint Impedance Bonding,SNT-SIG-TKJ-GZB-0018,DC/Audio Track Circuit,1.0,39,0,19.6,6.5,LOW,False,True,PENDING
REQ-20260920-ST-0065,SMMS,S&T,SEC-TKJ-GZB,SLOT_AFTERNOON,18.53,19.12,2026-09-20T15:00:00,2026-09-20T18:00:00,81,Track Circuit Joint Impedance Bonding,SNT-SIG-TKJ-GZB-0070,DC/Audio Track Circuit,14.6,312,4,91.4,3.1,CRITICAL,False,True,PENDING
REQ-20260920-ENG-0073,TMS,ENG,SEC-TKJ-GZB,SLOT_AFTERNOON,23.42,23.64,2026-09-20T15:00:00,2026-09-20T18:30:00,73,Switch Expansion Joint (SEJ) Maintenance,ENG-TRK-TKJ-GZB-0083,SEJ Assembly,5.4,30,0,21.2,8.0,LOW,False,True,PENDING
REQ-20260920-TRD-0068,TDMS,TRD,SEC-GZB-ALJN,SLOT_AFTERNOON,74.59,75.08,2026-09-20T15:15:00,2026-09-20T18:15:00,110,Neutral Section & Phase Break Maintenance,TRD-OHE-GZB-ALJN-0032,PTFE Neutral Section,15.6,180,3,64.8,4.5,HIGH,True,True,PENDING
REQ-20260920-TRD-0069,TDMS,TRD,SEC-TKJ-GZB,SLOT_AFTERNOON,8.49,8.82,2026-09-20T15:15:00,2026-09-20T18:30:00,115,Neutral Section & Phase Break Maintenance,TRD-OHE-TKJ-GZB-0023,PTFE Neutral Section,2.7,103,1,13.0,6.5,MEDIUM,True,True,PENDING
REQ-20260920-ST-0066,SMMS,S&T,SEC-TKJ-GZB,SLOT_AFTERNOON,16.79,17.08,2026-09-20T15:15:00,2026-09-20T18:00:00,61,Level Crossing Interlocking Gate Inspection,SNT-SIG-TKJ-GZB-0028,Interlocked LC Gate Mechanism,6.4,42,0,36.6,8.7,LOW,False,True,PENDING
REQ-20260920-ST-0067,SMMS,S&T,SEC-CNB-PRYJ,SLOT_AFTERNOON,461.01,461.2,2026-09-20T15:30:00,2026-09-20T18:15:00,62,Signal Aspect LED Lamp & Mechanism Replacement,SNT-SIG-CNB-PRYJ-0069,Color Light Signal Post,10.7,122,3,40.4,6.0,HIGH,False,False,PENDING
REQ-20260920-ST-0068,SMMS,S&T,SEC-GZB-ALJN,SLOT_AFTERNOON,125.07,125.2,2026-09-20T15:30:00,2026-09-20T18:30:00,74,Signal Aspect LED Lamp & Mechanism Replacement,SNT-SIG-GZB-ALJN-0022,Color Light Signal Post,5.1,16,0,35.1,9.6,LOW,False,False,PENDING
REQ-20260920-ST-0069,SMMS,S&T,SEC-GZB-ALJN,SLOT_AFTERNOON,128.05,128.16,2026-09-20T15:30:00,2026-09-20T18:30:00,90,Signal Aspect LED Lamp & Mechanism Replacement,SNT-SIG-GZB-ALJN-0024,Color Light Signal Post,5.9,50,0,26.3,7.5,LOW,False,False,PENDING
REQ-20260920-ENG-0074,TMS,ENG,SEC-TKJ-GZB,SLOT_AFTERNOON,11.58,11.83,2026-09-20T15:30:00,2026-09-20T18:30:00,152,Turnout & Switch Crossing Renewal,ENG-TRK-TKJ-GZB-0054,Turnout Assembly,11.2,206,3,77.1,4.6,HIGH,False,True,PENDING
REQ-20260920-ENG-0075,COA,ENG,SEC-TKJ-GZB,SLOT_AFTERNOON,15.51,15.7,2026-09-20T15:30:00,2026-09-20T18:15:00,103,Switch Expansion Joint (SEJ) Maintenance,ENG-TRK-TKJ-GZB-0056,SEJ Assembly,5.6,62,0,34.6,7.3,LOW,False,True,PENDING
REQ-20260921-ENG-0076,TMS,ENG,SEC-CNB-PRYJ,SLOT_NIGHT,524.04,524.37,2026-09-21T00:30:00,2026-09-21T04:15:00,156,Turnout & Switch Crossing Renewal,ENG-TRK-CNB-PRYJ-0055,Turnout Assembly,4.3,58,0,36.3,9.3,LOW,False,True,PENDING
REQ-20260921-ST-0070,SMMS,S&T,SEC-NDLS-TKJ,SLOT_NIGHT,1.88,2.13,2026-09-21T00:30:00,2026-09-21T04:15:00,67,Digital Axle Counter (DAC) Sensor Calibration,SNT-SIG-NDLS-TKJ-0074,Axle Counter Detection Point,7.2,53,0,31.7,7.1,LOW,False,True,PENDING
REQ-20260921-ENG-0077,TMS,ENG,SEC-PRYJ-DDU,SLOT_NIGHT,634.78,638.18,2026-09-21T00:30:00,2026-09-21T04:00:00,159,Track Tamping (BCM/CSM Machine),ENG-TRK-PRYJ-DDU-0025,Ballast & Sleeper Bed,24.3,323,5,115.8,2.9,CRITICAL,False,True,PENDING
REQ-20260921-ST-0071,SMMS,S&T,SEC-PRYJ-DDU,SLOT_NIGHT,635.07,635.24,2026-09-21T00:30:00,2026-09-21T04:15:00,89,Signal Aspect LED Lamp & Mechanism Replacement,SNT-SIG-PRYJ-DDU-0016,Color Light Signal Post,8.0,48,0,27.4,8.9,LOW,False,False,PENDING
REQ-20260921-ST-0072,SMMS,S&T,SEC-CNB-PRYJ,SLOT_NIGHT,537.63,537.79,2026-09-21T00:45:00,2026-09-21T04:15:00,86,Signal Aspect LED Lamp & Mechanism Replacement,SNT-SIG-CNB-PRYJ-0056,Color Light Signal Post,8.0,119,0,39.6,7.1,MEDIUM,False,False,PENDING
REQ-20260921-ST-0073,SMMS,S&T,SEC-GZB-ALJN,SLOT_NIGHT,79.46,80.34,2026-09-21T00:45:00,2026-09-21T04:30:00,100,Electronic Interlocking (EI) Diagnostic & Fail-Safe Test,SNT-SIG-GZB-ALJN-0058,Solid State Interlocking Unit,6.5,100,0,23.4,6.9,MEDIUM,False,True,PENDING
REQ-20260921-TRD-0070,TDMS,TRD,SEC-PRYJ-DDU,SLOT_NIGHT,635.11,636.45,2026-09-21T01:00:00,2026-09-21T04:00:00,67,OHE Insulator Washing & High-Voltage Testing,TRD-OHE-PRYJ-DDU-0019,Post & Tension Insulators,4.8,52,1,16.9,7.2,MEDIUM,True,True,PENDING
REQ-20260921-ST-0074,SMMS,S&T,SEC-PRYJ-DDU,SLOT_NIGHT,645.92,646.33,2026-09-21T01:00:00,2026-09-21T04:00:00,97,Track Circuit Joint Impedance Bonding,SNT-SIG-PRYJ-DDU-0040,DC/Audio Track Circuit,6.3,38,0,46.2,8.6,LOW,False,True,PENDING
REQ-20260921-TRD-0071,TDMS,TRD,SEC-PRYJ-DDU,SLOT_NIGHT,669.04,671.23,2026-09-21T01:00:00,2026-09-21T04:00:00,96,OHE Insulator Washing & High-Voltage Testing,TRD-OHE-PRYJ-DDU-0068,Post & Tension Insulators,9.0,231,2,58.9,5.9,HIGH,True,True,PENDING
REQ-20260921-ST-0075,SMMS,S&T,SEC-CNB-PRYJ,SLOT_EARLY_MORN,463.3,464.04,2026-09-21T04:30:00,2026-09-21T08:00:00,98,Signaling Cable Meggering & Trench Maintenance,SNT-SIG-CNB-PRYJ-0041,Underground Signaling Cable,12.3,179,1,61.2,5.9,MEDIUM,False,False,PENDING
REQ-20260921-ST-0076,SMMS,S&T,SEC-GZB-MB,SLOT_EARLY_MORN,145.54,145.73,2026-09-21T04:30:00,2026-09-21T07:30:00,81,Point Machine Overhaul & Lubrication,SNT-SIG-GZB-MB-0053,Electric Point Machine,7.6,24,0,19.4,6.7,LOW,False,True,PENDING
REQ-20260921-TRD-0072,COA,TRD,SEC-PRYJ-DDU,SLOT_EARLY_MORN,681.87,682.14,2026-09-21T04:45:00,2026-09-21T08:00:00,149,Neutral Section & Phase Break Maintenance,TRD-OHE-PRYJ-DDU-0076,PTFE Neutral Section,4.6,67,1,44.5,6.8,MEDIUM,True,True,PENDING
REQ-20260921-TRD-0073,COA,TRD,SEC-ALJN-TDL,SLOT_EARLY_MORN,141.7,143.19,2026-09-21T05:00:00,2026-09-21T08:00:00,107,Cantilever Assembly & Dropper Adjustment,TRD-OHE-ALJN-TDL-0044,Cantilever Mast Assembly,10.7,192,2,46.4,5.8,HIGH,True,True,PENDING
REQ-20260921-ST-0077,SMMS,S&T,SEC-CNB-PRYJ,SLOT_MIDDAY,455.55,456.06,2026-09-21T11:30:00,2026-09-21T14:45:00,67,Track Circuit Joint Impedance Bonding,SNT-SIG-CNB-PRYJ-0061,DC/Audio Track Circuit,7.7,162,3,84.4,4.4,HIGH,False,True,PENDING
REQ-20260921-ENG-0078,COA,ENG,SEC-GZB-ALJN,SLOT_MIDDAY,120.19,121.99,2026-09-21T11:30:00,2026-09-21T14:45:00,180,Deep Ballast Screening,ENG-TRK-GZB-ALJN-0044,Ballast Cushion,19.4,273,4,109.6,1.6,CRITICAL,True,True,PENDING
REQ-20260921-ENG-0079,TMS,ENG,SEC-GZB-ALJN,SLOT_MIDDAY,124.18,125.72,2026-09-21T11:30:00,2026-09-21T14:30:00,165,Deep Ballast Screening,ENG-TRK-GZB-ALJN-0065,Ballast Cushion,1.7,70,0,27.3,9.7,LOW,False,True,PENDING
REQ-20260921-TRD-0074,COA,TRD,SEC-TDL-CNB,SLOT_MIDDAY,258.73,258.96,2026-09-21T11:30:00,2026-09-21T14:30:00,146,Neutral Section & Phase Break Maintenance,TRD-OHE-TDL-CNB-0041,PTFE Neutral Section,16.4,315,3,128.5,2.9,CRITICAL,True,True,PENDING
REQ-20260921-TRD-0075,TDMS,TRD,SEC-NDLS-TKJ,SLOT_MIDDAY,0.67,1.71,2026-09-21T11:45:00,2026-09-21T14:45:00,142,OHE Catenary Wire Splicing & Tensioning,TRD-OHE-NDLS-TKJ-0047,Tension Spring / Regulating Equipment,0.9,15,0,21.5,8.7,LOW,True,True,PENDING
REQ-20260921-ENG-0080,COA,ENG,SEC-GZB-MB,SLOT_MIDDAY,26.27,29.02,2026-09-21T12:00:00,2026-09-21T14:30:00,96,Ballast Regulating & Track Dressing,ENG-TRK-GZB-MB-0077,Ballast Track,8.2,169,3,66.5,4.0,HIGH,False,True,PENDING
REQ-20260921-ENG-0081,TMS,ENG,SEC-ALJN-TDL,SLOT_AFTERNOON,168.45,169.78,2026-09-21T15:00:00,2026-09-21T18:15:00,132,Ultrasonic Flaw Detection (USFD) & Joint Rectification,ENG-TRK-ALJN-TDL-0078,Rail Joint / Fishplate,2.9,52,0,31.8,8.1,LOW,False,True,PENDING
REQ-20260921-TRD-0076,TDMS,TRD,SEC-CNB-PRYJ,SLOT_AFTERNOON,526.65,529.12,2026-09-21T15:00:00,2026-09-21T18:30:00,94,Cantilever Assembly & Dropper Adjustment,TRD-OHE-CNB-PRYJ-0059,Cantilever Mast Assembly,13.2,137,2,84.8,4.9,HIGH,True,True,PENDING
REQ-20260921-ENG-0082,TMS,ENG,SEC-NDLS-TKJ,SLOT_AFTERNOON,1.64,2.93,2026-09-21T15:00:00,2026-09-21T18:15:00,180,Deep Ballast Screening,ENG-TRK-NDLS-TKJ-0003,Ballast Cushion,2.0,118,0,20.7,8.8,MEDIUM,False,True,PENDING
REQ-20260921-ST-0078,SMMS,S&T,SEC-TDL-CNB,SLOT_AFTERNOON,394.44,394.8,2026-09-21T15:00:00,2026-09-21T18:00:00,115,Point Machine Overhaul & Lubrication,SNT-SIG-TDL-CNB-0023,Electric Point Machine,5.0,36,1,39.0,9.1,MEDIUM,False,True,PENDING
REQ-20260921-ENG-0083,TMS,ENG,SEC-PRYJ-DDU,SLOT_AFTERNOON,769.19,771.52,2026-09-21T15:15:00,2026-09-21T18:30:00,180,Deep Ballast Screening,ENG-TRK-PRYJ-DDU-0059,Ballast Cushion,12.8,218,3,68.0,5.1,HIGH,False,True,PENDING
REQ-20260921-ENG-0084,TMS,ENG,SEC-GZB-ALJN,SLOT_AFTERNOON,39.43,41.47,2026-09-21T15:30:00,2026-09-21T18:15:00,150,Through Rail Renewal (TRR),ENG-TRK-GZB-ALJN-0060,Continuous Welded Rail,24.0,232,3,100.0,2.1,CRITICAL,True,True,PENDING
REQ-20260921-ENG-0085,COA,ENG,SEC-GZB-ALJN,SLOT_AFTERNOON,46.53,47.7,2026-09-21T15:30:00,2026-09-21T18:15:00,150,Through Rail Renewal (TRR),ENG-TRK-GZB-ALJN-0079,Continuous Welded Rail,8.4,208,3,68.4,4.4,HIGH,True,True,PENDING
REQ-20260921-TRD-0077,TDMS,TRD,SEC-NDLS-TKJ,SLOT_AFTERNOON,1.27,3.5,2026-09-21T15:30:00,2026-09-21T18:30:00,93,Cantilever Assembly & Dropper Adjustment,TRD-OHE-NDLS-TKJ-0002,Cantilever Mast Assembly,2.7,92,0,27.9,9.4,MEDIUM,True,True,PENDING
